﻿<?xml version="1.0" encoding="utf-8" standalone="yes"?>
<addon id="plugin.video.microsoftvirtualacademy" name="Microsoft Virtual Academy" version="1.0.14.33216" provider-name="Ryan Conrad">
  <requires>
    <import addon="xbmc.python" version="2.1.0" />
    <import addon="script.module.beautifulsoup" version="3.2.0" />
  </requires>
  <extension point="xbmc.python.pluginsource" library="addon.py">
    <provides>video</provides>
  </extension>
  <extension point="xbmc.addon.metadata">
    <platform>all</platform>
    <summary>Watch videos from Microsoft Virtual Academy</summary>
    <description>Watch videos from Virtual Academy https://mva.microsoft.com/</description>
    <license><![CDATA[http://www.apache.org/licenses/LICENSE-2.0]]></license>
    <source><![CDATA[https://github.com/camalot/plugin.video.microsoftvirtualacademy]]></source>
    <website><![CDATA[https://github.com/camalot/plugin.video.microsoftvirtualacademy]]></website>
  </extension>
  <!--<extension point="xbmc.addon.repository"-->
  <!--name="camalot's repository">-->
  <!--<info compressed="true">https://camalot.github.io/repository.camalot/addons.xml</info>-->
  <!--<checksum>https://camalot.github.io/repository.camalot/addons.xml.md5</checksum>-->
  <!--<datadir zip="true">https://camalot.github.io/repository.camalot/</datadir>-->
  <!--</extension>-->
</addon>