﻿<?xml version="1.0" encoding="utf-8" standalone="yes"?>
<addon id="plugin.video.microsoftvirtualacademy" name="Microsoft Virtual Academy" version="1.0.6.33016" provider-name="Ryan Conrad">
  <requires>
    <import addon="xbmc.python" version="2.1.0" />
    <import addon="script.module.beautifulsoup" version="3.2.0" />
  </requires>
  <extension point="xbmc.python.pluginsource" library="addon.py">
    <provides>video</provides>
  </extension>
  <extension point="xbmc.addon.metadata">
    <platform>all</platform>
    <summary>Watch videos from Microsoft Virtual Academy</summary>
    <description>Watch videos from Virtual Academy https://mva.microsoft.com/</description>
  </extension>
</addon>