<?xml version="1.0" encoding="UTF-8" standalone="yes"?>
<addon id="plugin.video.geekandsundry" name="Geek &amp; Sundry" version="0.1.7" provider-name="Rick Phillips (ruuk)">
	<requires>
		<import addon="xbmc.python" version="2.1.0" />
		<import addon="script.module.xbmcswift2" version="1.1.1" />
        <import addon="script.module.requests" version="2.3.0"/>
		<import addon="plugin.video.youtube" version="4.4.6" />
		<import addon="script.module.beautifulsoup4" version="4.3.1" />
	</requires>
	<extension point="xbmc.python.pluginsource" library="geekandsundry.py">
		<provides>video</provides>
	</extension>
	<extension point="xbmc.addon.metadata">
		<summary lang="en">geekandsundry.com videos</summary>
		<description>Geek &amp; Sundry videos such as TableTop, The Guild and Space Janitors</description>
		<platform>all</platform>
		<language></language>
		<license>GNU GENERAL PUBLIC LICENSE. Version 2, June 1991</license>
		<forum>http://forum.xbmc.org/showthread.php?tid=180283</forum>
		<source>http://github.com/ruuk/plugin.video.geekandsundry</source>
	</extension>
</addon>
