﻿<?xml version="1.0" encoding="utf-8" standalone="yes"?>
<addon id="plugin.image.kodur" name="kodur" version="1.0.10.33116" provider-name="Ryan Conrad">
  <requires>
    <import addon="xbmc.python" version="2.1.0" />
    <import addon="script.module.beautifulsoup" version="3.2.0" />
  </requires>
  <extension point="xbmc.python.pluginsource" library="addon.py">
    <provides>image video</provides>
  </extension>
  <extension point="xbmc.addon.metadata">
    <platform>all</platform>
    <summary>Imgur browser</summary>
    <description>Imgur browser</description>
    <license>APACHE 2.0 LICENSE</license>
    <website>https://github.com/camalot/kodur</website>
    <source>https://github.com/camalot/kodur</source>
    <language>en</language>
  </extension>
  <extension point="xbmc.addon.repository" name="camalot's repository">
    <info compressed="true">https://camalot.github.io/repository.camalot/addons.xml</info>
    <checksum>https://camalot.github.io/repository.camalot/addons.xml.md5</checksum>
    <datadir zip="true">https://camalot.github.io/repository.camalot/plugin.image.kodur</datadir>
  </extension>
</addon>