<?xml version="1.0" encoding="UTF-8" standalone="yes"?>
<addon id="plugin.video.microsoft.channel9" name="Microsoft Channel 9" version="2.0.0" provider-name="Ryan Conrad">
	<requires>
		<import addon="xbmc.python" version="2.1.0" />
		<import addon="script.module.beautifulsoup" version="3.2.0" />
	</requires>

	<extension point="xbmc.python.pluginsource" library="addon.py">
		<provides>video</provides>
	</extension>

	<extension point="xbmc.addon.metadata">
		<platform>all</platform>
		<summary><![CDATA[Watch videos from Microsoft Channel 9]]></summary>
		<description><![CDATA[Watch videos from Microsoft Channel 9 http://channel9.msdn.com/]]></description>
		<language>en</language>
		<license><![CDATA[http://www.apache.org/licenses/LICENSE-2.0]]></license>
		<source><![CDATA[https://github.com/camalot/plugin.video.microsoft.channel9]]></source>
		<website><![CDATA[https://github.com/camalot/plugin.video.microsoft.channel9]]></website>
	</extension>

	<!--<extension point="xbmc.addon.repository"-->
              <!--name="camalot's repository">-->
		<!--<info compressed="true">https://camalot.github.io/repository.camalot/addons.xml</info>-->
		<!--<checksum>https://camalot.github.io/repository.camalot/addons.xml.md5</checksum>-->
		<!--<datadir zip="true">https://camalot.github.io/repository.camalot/plugin.video.microsoft.channel9/</datadir>-->
  	<!--</extension>-->
</addon>
