﻿<?xml version="1.0" encoding="utf-8" standalone="yes"?>
<addon id="plugin.image.kochandi" name="KoChanDi" version="1.0.5.33116" provider-name="Ryan Conrad">
  <requires>
    <import addon="xbmc.python" version="2.1.0" />
    <import addon="script.module.beautifulsoup" version="3.2.0" />
  </requires>
  <extension point="xbmc.python.pluginsource" library="addon.py">
    <provides>image video executable</provides>
  </extension>
  <extension point="xbmc.addon.metadata">
    <platform>all</platform>
    <summary>A 4chan browser for Kodi</summary>
    <description>Browse chan boards</description>
  </extension>
  <extension point="xbmc.addon.repository" name="camalot's repository">
    <info compressed="true">https://camalot.github.io/repository.camalot/addons/addons.xml</info>
    <checksum>https://camalot.github.io/repository.camalot/addons/addons.xml.md5</checksum>
    <datadir zip="true">https://camalot.github.io/repository.camalot/addons/plugin.image.kochandi</datadir>
  </extension>
</addon>